Post_ID,User_ID,Age,Gender,Post_Content,Likes,Shares,Comments,Post_Date
1,754,25,Male,Enjoying the weather,62,14,4,2024-09-24 03:43:00
2,858,52,Male,Watching a movie,108,2,0,2024-09-03 06:14:00
3,617,56,Male,Celebrating a birthday,50,45,20,2024-09-23 17:26:00
4,325,46,Female,Great day at the park,194,10,22,2024-09-14 10:17:00
5,259,31,Female,New blog post up!,23,24,3,2024-09-12 11:38:00
6,370,20,Female,Celebrating a birthday,31,24,2,2024-09-18 09:53:00
7,743,57,Female,Watching a movie,49,45,2,2024-09-02 21:14:00
8,891,36,Male,Coffee and chill,25,24,8,2024-09-15 20:53:00
9,473,28,Female,Out with friends,53,42,8,2024-09-23 21:41:00
10,173,56,Male,Celebrating a birthday,186,15,5,2024-09-15 12:17:00
11,1047,58,Male,Busy with work,196,49,1,2024-09-08 01:51:00
12,423,43,Female,Working hard today,54,36,28,2024-09-23 10:13:00
13,771,49,Female,Learning something new,36,16,4,2024-09-08 23:35:00
14,651,34,Female,Watching a movie,102,23,7,2024-09-05 16:31:00
15,193,21,Male,Weekend vibes,160,10,25,2024-09-22 13:38:00
16,165,42,Female,Exploring the city,119,33,8,2024-09-18 00:43:00
17,838,25,Female,Busy with work,28,18,13,2024-09-06 14:00:00
18,1076,34,Male,Planning for the weekend,27,40,9,2024-09-27 20:32:00
19,723,30,Male,Out with friends,195,10,17,2024-10-01 16:58:00
20,100,56,Female,Traveling for work,4,7,29,2024-09-12 09:15:00
21,159,33,Male,Working hard today,187,31,26,2024-09-03 17:49:00
22,228,26,Female,Celebrating a birthday,42,16,16,2024-09-28 19:27:00
23,1087,31,Male,Relaxing at home,102,42,20,2024-09-12 14:57:00
24,629,46,Male,Coffee and chill,57,4,10,2024-09-01 18:35:00
25,335,55,Male,Great day at the park,18,45,20,2024-09-02 07:04:00
26,1027,20,Female,Working hard today,131,15,8,2024-09-22 15:13:00
27,652,26,Female,Coffee and chill,200,30,25,2024-09-14 06:06:00
28,199,60,Female,Out with friends,108,26,14,2024-09-28 23:03:00
29,789,59,Male,Amazing dinner!,103,46,10,2024-09-26 03:15:00
30,296,30,Female,Weekend vibes,108,11,8,2024-09-15 07:55:00
31,1045,22,Female,Celebrating a birthday,25,3,20,2024-09-18 00:05:00
32,1048,33,Male,Having fun with the kids,124,30,6,2024-09-28 12:57:00
33,160,28,Female,Great day at the park,99,16,29,2024-09-26 14:18:00
34,533,53,Female,Weekend vibes,48,18,6,2024-10-01 01:37:00
35,853,52,Male,Busy with work,14,3,18,2024-09-16 16:58:00
36,973,51,Male,Amazing dinner!,130,5,27,2024-09-06 02:38:00
37,169,33,Female,New blog post up!,145,15,18,2024-09-20 01:39:00
38,183,44,Female,Enjoying the weather,52,42,22,2024-09-11 07:16:00
39,505,26,Female,Learning something new,80,48,29,2024-09-03 00:29:00
40,736,54,Male,Working hard today,137,13,16,2024-09-09 04:59:00
41,457,22,Male,Out with friends,72,10,14,2024-09-27 17:45:00
42,409,57,Male,Celebrating a birthday,76,42,3,2024-10-01 04:16:00
43,218,24,Male,Enjoying the weather,72,38,6,2024-09-23 10:13:00
44,803,58,Female,Planning for the weekend,125,16,28,2024-09-30 01:05:00
45,749,45,Female,Amazing dinner!,0,21,24,2024-09-05 20:16:00
46,265,46,Female,Celebrating a birthday,2,7,2,2024-10-01 22:57:00
47,252,52,Male,Out with friends,149,35,4,2024-09-14 04:02:00
48,415,41,Male,Out with friends,53,43,7,2024-09-22 03:22:00
49,898,53,Female,Exploring the city,191,9,29,2024-09-30 07:55:00
50,266,29,Female,Great day at the park,45,47,29,2024-09-11 13:51:00
51,785,33,Female,Just finished workout,179,6,12,2024-09-28 01:54:00
52,581,32,Male,Learning something new,89,19,26,2024-09-26 07:14:00
53,124,60,Male,Reading a book,84,17,27,2024-09-03 08:22:00
54,756,50,Female,Celebrating a birthday,84,1,3,2024-09-29 08:11:00
55,694,34,Male,New blog post up!,152,27,11,2024-09-24 10:27:00
56,720,50,Male,Reading a book,147,12,8,2024-09-02 22:27:00
57,101,51,Male,Out with friends,110,4,30,2024-09-22 10:39:00
58,421,60,Male,Relaxing at home,129,19,21,2024-09-14 10:25:00
59,813,36,Male,Family time,107,42,30,2024-09-13 21:47:00
60,1024,29,Female,Reading a book,140,0,9,2024-09-10 06:27:00
61,904,55,Female,Learning something new,113,28,21,2024-09-07 16:30:00
62,912,28,Male,Relaxing at home,131,42,20,2024-09-20 10:05:00
63,938,33,Female,Coffee and chill,50,9,0,2024-09-02 07:30:00
64,725,22,Female,Having fun with the kids,161,36,6,2024-09-23 22:24:00
65,606,43,Male,Weekend vibes,167,44,0,2024-09-29 03:49:00
66,535,32,Male,Planning for the weekend,118,3,17,2024-09-08 03:29:00
67,236,47,Female,Learning something new,156,46,28,2024-09-17 13:53:00
68,1028,53,Female,Just finished workout,190,30,14,2024-09-09 07:53:00
69,752,35,Female,Coffee and chill,70,28,2,2024-09-23 09:15:00
70,378,39,Female,Celebrating a birthday,20,8,4,2024-09-08 12:44:00
71,256,31,Male,Having fun with the kids,104,21,17,2024-09-15 13:03:00
72,311,44,Female,Watching a movie,178,1,27,2024-09-29 18:24:00
73,588,18,Female,Relaxing at home,192,24,27,2024-09-29 13:34:00
74,865,52,Male,Traveling for work,56,17,13,2024-09-16 00:24:00
75,444,60,Female,Just finished workout,119,8,19,2024-09-18 00:58:00
76,503,55,Male,Working hard today,164,27,4,2024-09-28 14:11:00
77,151,34,Female,Busy with work,54,29,10,2024-09-11 12:17:00
78,870,44,Female,Working hard today,120,1,23,2024-09-18 01:22:00
79,329,59,Male,Amazing dinner!,193,1,30,2024-09-08 06:53:00
80,120,57,Male,Coffee and chill,32,30,21,2024-09-04 18:13:00
81,576,34,Female,Just finished workout,155,38,30,2024-09-24 22:07:00
82,896,28,Female,New blog post up!,148,1,29,2024-09-10 18:43:00
83,1029,42,Female,Family time,19,37,22,2024-09-27 20:15:00
84,204,37,Male,Watching a movie,200,2,11,2024-09-18 13:42:00
85,479,22,Female,Great day at the park,107,31,3,2024-09-14 11:40:00
86,1012,47,Male,Having fun with the kids,45,46,16,2024-10-01 20:17:00
87,730,52,Female,Learning something new,111,46,18,2024-09-09 10:54:00
88,351,23,Female,Learning something new,62,48,14,2024-09-19 19:42:00
89,488,39,Male,Traveling for work,83,11,15,2024-09-07 11:51:00
90,364,39,Female,Exploring the city,179,17,17,2024-09-01 16:12:00
91,187,33,Female,Traveling for work,142,48,7,2024-09-23 15:41:00
92,828,49,Female,Great day at the park,23,18,7,2024-09-13 22:15:00
93,413,60,Female,Traveling for work,141,33,11,2024-09-14 23:35:00
94,438,40,Female,Enjoying the weather,78,16,7,2024-09-04 23:12:00
95,423,25,Male,Family time,55,47,15,2024-09-09 23:37:00
96,1100,51,Female,New blog post up!,49,18,7,2024-09-12 05:19:00
97,114,52,Male,Enjoying the weather,11,3,17,2024-09-10 22:08:00
98,753,49,Male,Great day at the park,146,18,15,2024-09-16 14:21:00
99,288,21,Female,Traveling for work,29,4,12,2024-09-16 02:36:00
100,744,21,Male,Weekend vibes,144,19,2,2024-09-08 03:35:00
101,882,44,Male,Planning for the weekend,97,28,29,2024-09-15 09:55:00
102,702,45,Female,Watching a movie,158,3,19,2024-10-01 23:06:00
103,1070,31,Male,Enjoying the weather,169,5,5,2024-09-08 05:35:00
104,176,28,Male,Having fun with the kids,115,44,19,2024-09-16 09:02:00
105,337,36,Female,Learning something new,18,43,7,2024-09-30 08:50:00
106,910,58,Male,Having fun with the kids,29,34,7,2024-09-21 04:58:00
107,372,27,Male,Amazing dinner!,42,50,9,2024-09-20 23:52:00
108,682,36,Female,New blog post up!,119,44,9,2024-09-23 12:17:00
109,612,52,Female,Learning something new,20,38,1,2024-09-29 13:47:00
110,430,56,Female,Great day at the park,23,14,30,2024-09-22 18:37:00
111,1073,19,Female,Watching a movie,10,48,24,2024-09-06 15:33:00
112,767,46,Female,Just finished workout,149,27,20,2024-09-27 15:05:00
113,581,40,Female,Busy with work,82,42,3,2024-09-28 05:21:00
114,521,49,Female,Reading a book,194,35,1,2024-09-15 02:20:00
115,358,38,Male,Reading a book,131,0,21,2024-09-28 17:29:00
116,523,21,Male,Planning for the weekend,92,39,24,2024-09-16 20:28:00
117,878,21,Male,Enjoying the weather,140,8,29,2024-09-10 14:56:00
118,815,49,Male,Great day at the park,161,38,25,2024-09-08 22:10:00
119,418,53,Male,Celebrating a birthday,104,5,7,2024-09-27 03:29:00
120,1069,25,Male,Traveling for work,183,18,16,2024-09-23 08:26:00
121,954,48,Female,Coffee and chill,116,35,4,2024-09-13 06:58:00
122,713,50,Male,Working hard today,70,49,25,2024-09-28 13:21:00
123,1056,50,Female,Great day at the park,72,46,9,2024-09-27 18:37:00
124,775,49,Male,Learning something new,137,30,11,2024-09-11 17:48:00
125,656,42,Female,Busy with work,48,44,7,2024-09-19 12:14:00
126,976,44,Male,Busy with work,190,30,22,2024-09-30 12:24:00
127,779,59,Male,Traveling for work,9,8,16,2024-10-01 18:21:00
128,990,24,Female,New blog post up!,134,29,0,2024-09-24 04:26:00
129,991,59,Male,Working hard today,120,50,8,2024-09-11 19:44:00
130,507,59,Male,Busy with work,172,34,12,2024-10-01 10:40:00
131,835,49,Male,Exploring the city,17,15,20,2024-09-22 09:14:00
132,864,23,Female,New blog post up!,194,40,22,2024-09-28 03:28:00
133,270,37,Male,Amazing dinner!,83,50,1,2024-09-10 11:23:00
134,541,27,Male,Planning for the weekend,105,36,21,2024-09-26 05:10:00
135,279,23,Female,Exploring the city,174,15,15,2024-09-30 18:09:00
136,337,47,Female,Learning something new,65,42,0,2024-09-29 14:57:00
137,394,52,Male,Working hard today,113,22,18,2024-09-10 20:27:00
138,806,34,Female,Relaxing at home,50,24,27,2024-09-16 03:15:00
139,490,54,Female,Watching a movie,75,44,9,2024-09-01 21:25:00
140,381,18,Male,Exploring the city,190,31,26,2024-09-29 09:49:00
141,918,32,Female,Coffee and chill,162,12,19,2024-09-09 21:48:00
142,838,60,Male,New blog post up!,160,41,1,2024-09-10 14:02:00
143,693,41,Male,Working hard today,75,20,23,2024-09-14 05:12:00
144,235,52,Female,Planning for the weekend,128,17,26,2024-09-06 08:58:00
145,944,48,Female,Busy with work,29,29,30,2024-09-03 04:48:00
146,1089,32,Female,Celebrating a birthday,93,5,25,2024-09-13 00:16:00
147,649,25,Female,Out with friends,172,47,21,2024-09-09 18:24:00
148,942,58,Female,New blog post up!,172,14,15,2024-09-01 19:56:00
149,1065,53,Female,Exploring the city,56,41,2,2024-09-21 14:58:00
150,817,37,Female,New blog post up!,35,2,30,2024-09-02 09:31:00
151,218,24,Male,Celebrating a birthday,34,24,14,2024-09-12 21:47:00
152,813,52,Female,Watching a movie,190,46,4,2024-09-29 13:41:00
153,201,49,Female,Enjoying the weather,8,44,11,2024-09-07 14:28:00
154,1073,33,Female,New blog post up!,175,23,17,2024-09-29 20:22:00
155,162,43,Female,Family time,31,29,2,2024-09-22 06:41:00
156,754,56,Male,Amazing dinner!,85,15,4,2024-09-26 18:13:00
157,170,53,Male,Watching a movie,55,14,10,2024-09-25 04:50:00
158,1022,56,Male,Enjoying the weather,37,8,17,2024-09-09 05:07:00
159,776,19,Male,Great day at the park,91,50,25,2024-09-08 18:20:00
160,116,29,Female,Amazing dinner!,32,47,13,2024-09-17 03:47:00
161,165,48,Female,Out with friends,131,37,3,2024-09-15 16:14:00
162,1068,57,Male,Planning for the weekend,77,29,20,2024-10-01 00:03:00
163,590,43,Female,New blog post up!,125,45,29,2024-09-15 02:57:00
164,182,38,Male,Working hard today,32,17,19,2024-09-21 18:35:00
165,829,38,Female,Exploring the city,135,18,14,2024-09-17 19:27:00
166,201,25,Male,Having fun with the kids,115,14,13,2024-09-11 14:25:00
167,525,24,Female,Having fun with the kids,80,42,8,2024-09-12 04:43:00
168,1045,48,Male,Working hard today,21,5,13,2024-09-04 23:47:00
169,481,26,Male,Watching a movie,143,35,10,2024-09-22 03:26:00
170,462,60,Female,Amazing dinner!,73,38,9,2024-09-12 03:36:00
171,619,31,Male,Traveling for work,57,6,11,2024-09-28 17:23:00
172,217,35,Male,Having fun with the kids,143,49,26,2024-09-20 19:43:00
173,758,53,Male,Exploring the city,168,44,8,2024-09-01 05:17:00
174,819,37,Female,Out with friends,1,11,27,2024-09-05 18:42:00
175,510,22,Male,Great day at the park,23,47,16,2024-09-07 12:26:00
176,564,39,Male,Out with friends,79,46,10,2024-09-25 18:38:00
177,186,21,Male,Just finished workout,193,39,1,2024-09-22 02:17:00
178,553,60,Female,Traveling for work,155,28,13,2024-09-09 06:48:00
179,624,25,Female,Having fun with the kids,28,18,21,2024-09-22 18:31:00
180,639,60,Female,Amazing dinner!,56,25,19,2024-09-02 00:13:00
181,408,31,Male,Enjoying the weather,74,20,3,2024-09-01 15:47:00
182,540,29,Male,Reading a book,136,45,7,2024-09-17 17:53:00
183,784,40,Male,Reading a book,189,2,13,2024-09-01 14:58:00
184,179,38,Female,Watching a movie,103,45,20,2024-09-14 09:07:00
185,514,19,Female,Just finished workout,158,29,26,2024-09-23 11:05:00
186,547,24,Male,Having fun with the kids,150,25,16,2024-09-03 12:55:00
187,417,39,Male,Busy with work,199,10,2,2024-09-17 20:07:00
188,643,50,Male,Out with friends,89,46,30,2024-09-27 20:52:00
189,251,33,Male,Weekend vibes,65,12,5,2024-09-20 04:48:00
190,877,59,Male,Just finished workout,197,40,15,2024-09-15 18:48:00
191,693,46,Female,Busy with work,38,28,2,2024-09-16 14:40:00
192,410,35,Male,Out with friends,129,4,9,2024-09-15 14:02:00
193,158,41,Female,Working hard today,165,5,19,2024-09-20 16:24:00
194,573,55,Male,Learning something new,146,41,6,2024-09-11 19:30:00
195,613,27,Male,Learning something new,26,21,22,2024-09-03 16:41:00
196,276,20,Male,Learning something new,112,33,16,2024-09-20 05:23:00
197,481,36,Female,Having fun with the kids,198,21,21,2024-09-20 01:50:00
198,746,59,Female,Working hard today,84,6,17,2024-09-22 12:18:00
199,358,60,Male,Busy with work,20,37,21,2024-09-05 11:19:00
200,1090,59,Female,Weekend vibes,152,45,30,2024-09-03 09:35:00
201,485,59,Female,Weekend vibes,171,44,26,2024-10-01 23:43:00
202,1034,51,Male,Having fun with the kids,130,23,0,2024-09-12 09:11:00
203,1073,31,Female,Traveling for work,49,14,4,2024-09-05 02:18:00
204,964,24,Male,Busy with work,196,39,4,2024-09-20 12:09:00
205,266,29,Male,Learning something new,11,26,11,2024-09-22 23:15:00
206,1092,46,Female,Learning something new,59,34,7,2024-09-10 15:57:00
207,955,30,Female,Watching a movie,112,29,24,2024-09-10 12:32:00
208,640,44,Male,Family time,154,8,27,2024-09-09 01:41:00
209,592,41,Male,Planning for the weekend,31,18,2,2024-09-25 05:17:00
210,560,50,Male,Having fun with the kids,23,14,26,2024-09-15 11:59:00
211,127,44,Male,Reading a book,128,23,7,2024-09-13 02:23:00
212,329,19,Female,New blog post up!,182,41,10,2024-09-26 04:08:00
213,139,36,Female,Weekend vibes,194,45,15,2024-09-15 19:00:00
214,1027,23,Male,Enjoying the weather,55,9,17,2024-10-01 23:38:00
215,640,45,Male,Relaxing at home,60,19,3,2024-09-02 07:26:00
216,754,57,Female,Working hard today,28,31,19,2024-09-18 00:40:00
217,627,54,Male,Weekend vibes,74,27,0,2024-09-20 11:15:00
218,684,44,Male,Working hard today,134,23,2,2024-10-01 16:34:00
219,619,50,Male,Reading a book,120,2,20,2024-09-13 11:16:00
220,865,19,Female,Working hard today,88,15,23,2024-09-22 20:06:00
221,890,55,Female,Weekend vibes,11,22,17,2024-09-11 20:11:00
222,950,47,Female,Just finished workout,34,4,22,2024-09-25 14:02:00
223,400,30,Male,Family time,10,20,29,2024-09-10 16:25:00
224,934,52,Female,Enjoying the weather,9,48,20,2024-09-07 09:22:00
225,982,21,Female,Enjoying the weather,31,23,13,2024-09-29 12:47:00
226,550,42,Female,Just finished workout,127,44,15,2024-09-12 16:17:00
227,920,23,Female,Working hard today,110,38,26,2024-09-06 17:18:00
228,428,24,Male,Busy with work,169,18,9,2024-09-15 19:45:00
229,536,28,Female,Out with friends,114,2,23,2024-09-28 11:39:00
230,545,35,Male,Working hard today,171,40,12,2024-09-12 16:51:00
231,867,28,Male,Weekend vibes,155,43,25,2024-09-15 01:08:00
232,168,33,Female,Out with friends,98,36,1,2024-09-20 04:43:00
233,560,41,Female,Learning something new,195,4,18,2024-09-05 16:23:00
234,507,38,Female,Coffee and chill,29,1,23,2024-09-06 15:33:00
235,496,53,Male,Enjoying the weather,198,16,22,2024-09-15 06:39:00
236,392,49,Male,New blog post up!,34,4,14,2024-09-06 22:28:00
237,189,38,Female,Working hard today,140,34,9,2024-09-29 09:54:00
238,261,58,Male,Out with friends,130,14,3,2024-09-07 04:15:00
239,909,49,Male,Out with friends,141,36,11,2024-09-15 17:08:00
240,726,23,Male,Relaxing at home,101,45,23,2024-09-16 16:26:00
241,887,44,Male,Weekend vibes,81,41,2,2024-09-15 14:43:00
242,629,40,Male,Celebrating a birthday,163,37,5,2024-09-25 04:27:00
243,614,21,Male,Planning for the weekend,39,19,5,2024-09-06 10:59:00
244,826,32,Female,Planning for the weekend,72,5,8,2024-09-07 20:35:00
245,381,26,Female,Exploring the city,136,5,16,2024-09-21 05:37:00
246,1064,55,Male,Just finished workout,168,39,23,2024-09-29 19:21:00
247,962,54,Male,Great day at the park,20,2,30,2024-09-21 18:16:00
248,766,31,Female,Exploring the city,163,1,15,2024-09-29 20:34:00
249,396,59,Female,Traveling for work,62,43,12,2024-09-10 14:04:00
250,805,21,Male,Learning something new,106,30,14,2024-09-07 10:38:00
251,247,38,Female,Out with friends,102,8,24,2024-09-12 16:35:00
252,208,38,Male,Learning something new,31,17,14,2024-09-08 04:06:00
253,151,36,Female,Exploring the city,107,15,30,2024-09-28 05:52:00
254,435,54,Female,Family time,195,10,15,2024-09-17 14:31:00
255,1000,37,Female,Great day at the park,23,25,16,2024-09-15 07:13:00
256,697,40,Male,Amazing dinner!,72,31,19,2024-09-29 20:43:00
257,581,36,Male,New blog post up!,110,8,28,2024-09-09 23:23:00
258,882,43,Female,Amazing dinner!,102,3,18,2024-09-18 06:23:00
259,666,36,Male,Reading a book,129,28,24,2024-09-18 08:52:00
260,738,57,Male,Weekend vibes,24,25,11,2024-09-26 10:35:00
261,1061,41,Male,Family time,154,32,12,2024-09-17 01:02:00
262,139,26,Female,Traveling for work,132,29,4,2024-09-20 16:08:00
263,435,57,Female,Just finished workout,100,39,23,2024-09-27 09:37:00
264,444,50,Female,Watching a movie,76,30,26,2024-09-01 11:21:00
265,789,25,Female,Watching a movie,78,50,28,2024-09-24 22:40:00
266,127,56,Female,Enjoying the weather,167,50,24,2024-09-19 18:14:00
267,838,21,Female,Just finished workout,134,40,23,2024-09-20 12:09:00
268,941,33,Male,Watching a movie,179,7,6,2024-09-01 14:20:00
269,528,27,Female,Family time,105,32,24,2024-09-20 15:55:00
270,968,21,Male,Planning for the weekend,53,35,10,2024-09-22 15:33:00
271,485,38,Male,Learning something new,136,21,17,2024-09-12 21:49:00
272,988,59,Female,Exploring the city,123,12,30,2024-09-08 08:35:00
273,405,32,Female,Relaxing at home,180,13,22,2024-09-23 15:20:00
274,591,40,Female,Relaxing at home,31,36,21,2024-09-18 12:57:00
275,504,40,Male,Relaxing at home,10,18,30,2024-09-23 02:22:00
276,1046,46,Female,Traveling for work,54,12,26,2024-09-18 08:59:00
277,675,35,Male,New blog post up!,157,47,18,2024-09-08 07:03:00
278,785,51,Male,Coffee and chill,13,6,13,2024-09-11 22:30:00
279,202,26,Male,Celebrating a birthday,40,26,20,2024-09-30 15:30:00
280,766,30,Female,Busy with work,73,41,1,2024-09-30 02:41:00
281,687,32,Male,Just finished workout,106,11,29,2024-09-30 01:53:00
282,506,49,Male,Relaxing at home,9,0,9,2024-09-19 19:06:00
283,1050,39,Female,Learning something new,164,34,16,2024-09-16 04:54:00
284,616,47,Female,Family time,28,21,5,2024-09-24 14:41:00
285,363,29,Male,Busy with work,75,36,21,2024-09-25 06:11:00
286,725,58,Female,Having fun with the kids,131,20,2,2024-09-13 21:06:00
287,289,26,Female,Busy with work,63,0,8,2024-09-13 07:28:00
288,871,35,Female,Relaxing at home,149,46,18,2024-09-01 08:41:00
289,468,33,Male,New blog post up!,119,19,5,2024-09-13 21:32:00
290,1045,37,Male,Relaxing at home,94,39,7,2024-09-08 04:30:00
291,256,47,Female,Having fun with the kids,179,35,29,2024-09-16 17:51:00
292,780,31,Male,Exploring the city,20,33,14,2024-09-17 22:23:00
293,179,54,Male,Amazing dinner!,140,32,6,2024-09-19 17:09:00
294,268,38,Female,New blog post up!,174,13,22,2024-09-19 15:05:00
295,1020,50,Female,Amazing dinner!,116,8,16,2024-09-14 14:36:00
296,159,53,Female,Relaxing at home,185,1,12,2024-09-09 00:47:00
297,323,55,Male,Amazing dinner!,108,22,22,2024-09-03 17:03:00
298,1057,22,Female,Amazing dinner!,73,26,5,2024-09-25 04:49:00
299,756,59,Female,Out with friends,97,28,27,2024-09-30 12:24:00
300,182,60,Male,Out with friends,30,11,17,2024-09-13 16:08:00
301,845,32,Male,Great day at the park,76,29,21,2024-09-24 17:27:00
302,644,42,Male,Coffee and chill,117,22,4,2024-09-09 06:59:00
303,996,25,Male,Having fun with the kids,157,49,29,2024-09-29 00:15:00
304,311,22,Male,Exploring the city,8,28,19,2024-09-22 22:55:00
305,149,33,Male,Reading a book,112,14,17,2024-09-07 01:08:00
306,615,36,Male,Watching a movie,81,36,19,2024-09-25 21:52:00
307,428,33,Female,Weekend vibes,169,33,7,2024-09-14 09:17:00
308,162,53,Male,Having fun with the kids,142,31,1,2024-09-12 20:42:00
309,490,51,Female,Having fun with the kids,104,9,9,2024-09-13 05:48:00
310,650,48,Male,Coffee and chill,76,45,4,2024-09-26 14:58:00
311,159,53,Female,Having fun with the kids,142,33,4,2024-09-13 07:16:00
312,308,39,Male,Learning something new,94,5,17,2024-09-24 06:03:00
313,374,42,Male,Working hard today,48,48,18,2024-09-24 21:35:00
314,322,48,Male,Busy with work,77,0,6,2024-09-30 06:47:00
315,220,48,Male,Exploring the city,180,13,12,2024-09-30 07:35:00
316,429,36,Female,Learning something new,136,41,11,2024-09-10 08:23:00
317,625,49,Female,New blog post up!,184,30,24,2024-09-27 10:58:00
318,308,41,Female,Having fun with the kids,11,36,27,2024-09-08 23:09:00
319,116,34,Female,Relaxing at home,39,12,10,2024-09-08 12:36:00
320,953,33,Female,Celebrating a birthday,167,43,10,2024-09-09 15:46:00
321,757,49,Female,Just finished workout,187,50,11,2024-09-06 04:46:00
322,659,49,Male,Celebrating a birthday,164,3,16,2024-09-02 02:52:00
323,784,21,Male,Having fun with the kids,35,40,7,2024-09-03 22:09:00
324,109,31,Female,Out with friends,15,39,20,2024-09-22 19:58:00
325,594,60,Female,Great day at the park,1,34,17,2024-09-14 00:01:00
326,642,35,Female,Great day at the park,128,44,21,2024-09-14 05:06:00
327,1040,24,Male,Coffee and chill,49,39,16,2024-09-09 11:17:00
328,914,43,Male,Out with friends,103,29,18,2024-09-08 22:14:00
329,407,23,Male,Working hard today,103,24,12,2024-09-18 15:03:00
330,752,18,Male,Working hard today,127,27,20,2024-09-26 10:36:00
331,1100,24,Male,Coffee and chill,54,44,28,2024-09-19 15:17:00
332,147,22,Female,Celebrating a birthday,144,42,1,2024-09-06 10:01:00
333,1084,31,Male,Reading a book,19,19,5,2024-09-19 07:36:00
334,954,42,Female,Reading a book,193,47,4,2024-09-26 22:46:00
335,180,50,Female,Amazing dinner!,25,27,7,2024-09-27 02:21:00
336,719,57,Female,Busy with work,7,40,8,2024-09-26 14:31:00
337,333,40,Female,Having fun with the kids,47,43,18,2024-09-22 12:05:00
338,890,57,Female,Coffee and chill,182,4,2,2024-09-09 04:24:00
339,828,58,Male,Reading a book,81,23,3,2024-09-03 00:19:00
340,555,41,Female,New blog post up!,33,5,5,2024-09-14 14:35:00
341,668,50,Female,New blog post up!,6,5,11,2024-09-18 02:38:00
342,712,38,Female,Great day at the park,74,26,12,2024-09-25 02:46:00
343,1022,53,Male,Watching a movie,133,10,21,2024-09-13 05:08:00
344,375,37,Female,Traveling for work,37,4,5,2024-09-14 08:26:00
345,406,48,Male,Out with friends,64,15,23,2024-09-21 15:38:00
346,731,30,Female,New blog post up!,34,19,0,2024-10-01 12:21:00
347,961,57,Female,Busy with work,112,21,13,2024-09-27 20:38:00
348,239,37,Female,Exploring the city,177,12,15,2024-09-11 05:25:00
349,1091,38,Female,Traveling for work,147,50,7,2024-09-11 12:17:00
350,936,43,Female,New blog post up!,144,12,18,2024-09-18 05:43:00
351,886,53,Male,Learning something new,181,13,14,2024-09-26 09:53:00
352,809,22,Female,Traveling for work,35,40,9,2024-09-08 08:42:00
353,257,45,Female,Working hard today,114,38,15,2024-09-19 12:34:00
354,618,44,Male,Out with friends,179,34,19,2024-09-21 02:06:00
355,887,33,Female,Just finished workout,165,39,1,2024-09-19 20:43:00
356,762,43,Female,Having fun with the kids,27,0,3,2024-09-09 07:32:00
357,864,51,Male,Learning something new,95,25,14,2024-09-25 21:37:00
358,807,50,Male,Out with friends,6,30,3,2024-09-10 13:58:00
359,1084,23,Male,Weekend vibes,89,19,10,2024-09-15 06:33:00
360,594,40,Female,New blog post up!,112,46,22,2024-09-15 10:04:00
361,407,20,Male,Great day at the park,87,41,3,2024-09-22 05:59:00
362,858,33,Male,Celebrating a birthday,40,21,17,2024-09-14 14:14:00
363,916,43,Male,Just finished workout,163,42,13,2024-09-13 00:47:00
364,728,30,Female,Watching a movie,109,24,0,2024-09-23 06:13:00
365,385,22,Male,Celebrating a birthday,47,23,10,2024-09-07 14:07:00
366,368,60,Female,Planning for the weekend,163,20,19,2024-09-13 19:25:00
367,701,25,Female,Out with friends,117,39,5,2024-09-27 21:45:00
368,919,37,Male,Weekend vibes,80,7,7,2024-09-10 03:11:00
369,482,27,Female,Having fun with the kids,152,8,18,2024-09-13 13:11:00
370,598,58,Male,Celebrating a birthday,42,31,9,2024-09-05 05:20:00
371,962,46,Male,Out with friends,2,31,4,2024-09-07 12:35:00
372,617,59,Female,Having fun with the kids,175,31,13,2024-09-23 14:31:00
373,271,23,Male,Coffee and chill,74,2,8,2024-09-08 17:18:00
374,272,47,Female,Celebrating a birthday,130,7,18,2024-09-04 08:49:00
375,656,41,Male,Learning something new,139,13,13,2024-09-04 23:53:00
376,769,33,Female,Amazing dinner!,115,16,11,2024-09-28 02:28:00
377,986,25,Male,Family time,188,37,22,2024-09-12 22:39:00
378,747,45,Male,Exploring the city,35,50,6,2024-09-27 06:51:00
379,160,54,Female,Celebrating a birthday,71,38,17,2024-09-06 10:45:00
380,399,36,Female,Planning for the weekend,173,6,4,2024-10-01 13:58:00
381,160,35,Male,Weekend vibes,63,9,22,2024-09-11 07:48:00
382,963,43,Female,Weekend vibes,147,40,8,2024-09-21 13:24:00
383,562,22,Male,Reading a book,131,47,8,2024-09-23 11:29:00
384,1073,49,Female,Watching a movie,0,49,27,2024-09-24 02:46:00
385,1095,47,Female,Working hard today,136,25,6,2024-10-01 13:52:00
386,316,49,Female,Busy with work,72,21,17,2024-09-19 04:36:00
387,972,49,Female,Amazing dinner!,11,6,20,2024-09-26 14:01:00
388,227,28,Female,Learning something new,0,27,6,2024-09-23 04:56:00
389,765,37,Male,Enjoying the weather,23,41,11,2024-09-09 02:23:00
390,780,59,Male,Amazing dinner!,101,40,9,2024-09-24 22:48:00
391,339,45,Male,New blog post up!,0,13,15,2024-09-03 04:37:00
392,331,51,Female,Great day at the park,2,44,10,2024-09-27 03:55:00
393,532,26,Female,Working hard today,58,24,2,2024-09-24 03:06:00
394,420,41,Female,Weekend vibes,97,49,26,2024-09-25 04:41:00
395,793,27,Male,Planning for the weekend,144,0,19,2024-09-21 05:28:00
396,459,31,Male,Having fun with the kids,157,43,14,2024-09-28 06:05:00
397,1018,24,Male,New blog post up!,150,46,12,2024-09-12 13:20:00
398,910,26,Male,Enjoying the weather,165,5,7,2024-09-18 19:38:00
399,838,56,Female,Great day at the park,168,19,6,2024-09-17 19:32:00
400,293,43,Female,Amazing dinner!,200,50,30,2024-09-08 15:24:00
401,215,33,Female,Exploring the city,18,33,28,2024-09-01 11:59:00
402,424,26,Female,Watching a movie,107,23,17,2024-09-22 05:48:00
403,582,22,Male,Watching a movie,17,0,8,2024-09-07 01:59:00
404,161,43,Female,Planning for the weekend,196,26,13,2024-09-23 12:05:00
405,755,52,Male,Enjoying the weather,21,19,2,2024-09-17 06:51:00
406,259,52,Female,Reading a book,150,40,24,2024-09-27 20:43:00
407,758,22,Female,Having fun with the kids,186,15,1,2024-09-08 02:59:00
408,544,25,Female,Exploring the city,155,3,9,2024-09-22 23:42:00
409,858,29,Male,Great day at the park,181,8,22,2024-09-01 05:31:00
410,1075,40,Female,Just finished workout,95,8,23,2024-09-25 08:46:00
411,1007,25,Male,Busy with work,109,17,16,2024-09-03 08:45:00
412,1098,54,Male,Traveling for work,116,32,11,2024-09-02 15:54:00
413,680,28,Female,Just finished workout,65,49,3,2024-09-29 18:43:00
414,840,25,Male,Planning for the weekend,0,2,27,2024-09-28 00:15:00
415,147,48,Female,Reading a book,38,11,29,2024-10-01 01:35:00
416,922,59,Female,Coffee and chill,82,15,13,2024-09-30 23:20:00
417,377,22,Female,New blog post up!,128,43,28,2024-09-02 05:14:00
418,923,51,Male,Reading a book,17,29,27,2024-09-10 09:20:00
419,188,53,Female,Great day at the park,94,12,9,2024-09-19 09:47:00
420,737,33,Female,Out with friends,151,31,24,2024-09-25 06:46:00
421,1022,52,Male,Weekend vibes,1,26,0,2024-09-08 17:22:00
422,751,18,Female,Great day at the park,194,42,12,2024-09-28 23:46:00
423,414,24,Male,Planning for the weekend,60,26,15,2024-10-01 01:09:00
424,828,35,Male,Amazing dinner!,59,33,13,2024-09-23 11:29:00
425,1097,23,Male,Planning for the weekend,34,40,26,2024-09-13 02:37:00
426,681,21,Female,Weekend vibes,60,18,8,2024-09-28 10:59:00
427,920,43,Female,Busy with work,115,17,7,2024-09-03 06:08:00
428,898,55,Male,Weekend vibes,27,10,14,2024-09-15 10:26:00
429,223,52,Female,Family time,115,19,14,2024-09-09 03:05:00
430,261,37,Male,Family time,83,9,2,2024-09-23 07:22:00
431,505,50,Male,Relaxing at home,66,11,0,2024-10-01 12:54:00
432,563,53,Male,New blog post up!,118,6,25,2024-09-26 04:07:00
433,112,21,Male,Weekend vibes,50,25,11,2024-09-22 20:41:00
434,186,55,Female,Working hard today,5,4,6,2024-09-29 20:28:00
435,928,26,Male,Busy with work,31,2,30,2024-09-15 01:10:00
436,1046,54,Female,Reading a book,127,1,12,2024-09-22 13:11:00
437,462,31,Male,Enjoying the weather,71,28,28,2024-09-05 01:39:00
438,734,57,Male,Relaxing at home,127,26,28,2024-09-18 15:03:00
439,189,35,Female,Weekend vibes,107,12,20,2024-09-29 16:15:00
440,745,52,Male,Reading a book,200,45,11,2024-09-16 17:50:00
441,596,40,Female,Reading a book,69,11,0,2024-09-11 19:14:00
442,130,35,Male,Traveling for work,135,22,24,2024-09-19 07:10:00
443,202,33,Male,Enjoying the weather,136,50,29,2024-09-24 01:48:00
444,1070,32,Female,Out with friends,44,11,7,2024-09-19 10:51:00
445,855,40,Male,Out with friends,145,36,4,2024-09-19 06:53:00
446,929,49,Female,Just finished workout,125,2,2,2024-09-02 07:38:00
447,324,19,Female,Great day at the park,84,39,6,2024-09-26 04:21:00
448,834,29,Female,Amazing dinner!,5,9,18,2024-09-23 04:49:00
449,213,51,Female,Working hard today,95,45,30,2024-09-22 12:37:00
450,203,39,Female,Busy with work,34,10,23,2024-10-01 13:50:00
451,754,49,Female,Just finished workout,181,35,22,2024-09-29 19:50:00
452,465,32,Male,Reading a book,78,46,22,2024-09-10 04:11:00
453,846,18,Female,Watching a movie,8,11,19,2024-09-11 19:14:00
454,754,54,Male,Traveling for work,36,21,23,2024-09-03 07:22:00
455,427,28,Male,Busy with work,114,0,8,2024-09-07 07:44:00
456,169,40,Female,New blog post up!,184,0,1,2024-09-13 14:46:00
457,529,28,Female,Traveling for work,96,22,17,2024-09-13 03:53:00
458,590,54,Male,Just finished workout,115,4,25,2024-09-28 01:18:00
459,120,38,Female,New blog post up!,18,21,5,2024-09-29 12:10:00
460,849,22,Male,Busy with work,152,39,28,2024-09-16 22:01:00
461,541,59,Male,Exploring the city,111,10,1,2024-09-04 10:13:00
462,1097,30,Female,Celebrating a birthday,184,46,17,2024-09-09 21:18:00
463,404,33,Male,Amazing dinner!,100,36,17,2024-09-27 15:09:00
464,155,41,Male,Having fun with the kids,22,18,26,2024-09-22 20:38:00
465,591,30,Male,Great day at the park,52,10,20,2024-09-10 02:30:00
466,964,25,Female,Reading a book,120,31,28,2024-09-22 08:05:00
467,757,52,Female,Just finished workout,94,24,11,2024-09-06 14:02:00
468,369,46,Female,Enjoying the weather,57,17,18,2024-09-02 04:48:00
469,813,60,Male,Working hard today,171,22,25,2024-09-18 13:48:00
470,703,32,Male,Reading a book,133,26,30,2024-09-18 21:55:00
471,1058,48,Male,Traveling for work,76,5,12,2024-09-29 22:02:00
472,614,54,Male,New blog post up!,193,28,5,2024-10-01 05:13:00
473,927,30,Male,Amazing dinner!,108,5,21,2024-09-14 06:52:00
474,742,27,Female,Busy with work,186,4,2,2024-09-13 17:25:00
475,665,38,Female,Planning for the weekend,117,0,25,2024-09-23 19:37:00
476,635,44,Male,Having fun with the kids,38,9,18,2024-09-19 18:48:00
477,1087,24,Male,Watching a movie,199,6,25,2024-09-10 17:56:00
478,452,44,Female,Reading a book,167,31,18,2024-09-20 15:02:00
479,276,35,Female,Weekend vibes,158,38,21,2024-09-23 12:02:00
480,505,39,Male,Amazing dinner!,190,30,29,2024-09-09 11:01:00
481,445,37,Female,Enjoying the weather,125,44,21,2024-09-04 07:08:00
482,407,46,Female,Enjoying the weather,186,26,19,2024-09-21 02:12:00
483,552,31,Female,Traveling for work,194,33,27,2024-09-12 01:32:00
484,910,28,Male,Relaxing at home,181,32,12,2024-09-05 16:56:00
485,682,19,Male,Family time,51,3,7,2024-09-02 14:03:00
486,1040,41,Male,Enjoying the weather,94,29,16,2024-09-13 20:59:00
487,226,19,Male,Out with friends,125,38,14,2024-09-06 15:37:00
488,664,40,Female,Just finished workout,66,47,26,2024-09-23 02:18:00
489,128,42,Male,Just finished workout,146,49,30,2024-09-07 07:41:00
490,330,31,Female,Having fun with the kids,131,1,27,2024-09-25 21:00:00
491,585,26,Male,Exploring the city,2,14,8,2024-09-20 09:45:00
492,1090,59,Female,Having fun with the kids,96,22,14,2024-09-09 06:29:00
493,409,51,Female,Watching a movie,26,0,16,2024-09-22 11:35:00
494,762,56,Female,Relaxing at home,175,6,15,2024-09-03 10:17:00
495,755,38,Female,Enjoying the weather,167,45,30,2024-09-29 20:19:00
496,292,27,Male,Amazing dinner!,153,25,21,2024-09-11 21:08:00
497,838,19,Female,Relaxing at home,66,26,12,2024-09-13 23:02:00
498,697,54,Male,Busy with work,185,45,7,2024-09-22 17:40:00
499,903,48,Female,Planning for the weekend,76,10,26,2024-09-22 17:11:00
500,400,24,Female,Weekend vibes,189,16,23,2024-09-26 17:48:00
501,1034,29,Female,Working hard today,56,22,7,2024-09-24 09:26:00
502,907,39,Female,Enjoying the weather,149,18,14,2024-09-28 03:30:00
503,154,58,Male,Traveling for work,49,32,3,2024-09-28 21:24:00
504,642,37,Female,Amazing dinner!,38,8,6,2024-09-11 13:36:00
505,1014,47,Male,Busy with work,183,11,24,2024-09-03 15:21:00
506,746,29,Female,Amazing dinner!,1,28,8,2024-09-07 05:36:00
507,882,28,Female,Working hard today,33,39,13,2024-09-21 13:25:00
508,539,48,Female,Great day at the park,9,34,6,2024-09-24 11:00:00
509,1013,38,Male,Great day at the park,173,0,20,2024-09-24 07:14:00
510,810,40,Female,Weekend vibes,26,24,16,2024-09-19 09:10:00
511,166,20,Female,Relaxing at home,116,46,16,2024-09-20 16:21:00
512,544,26,Female,Traveling for work,91,48,6,2024-09-06 12:01:00
513,333,32,Male,Family time,187,1,18,2024-09-17 05:07:00
514,475,59,Male,Reading a book,163,16,24,2024-09-18 19:03:00
515,708,21,Male,Great day at the park,12,44,3,2024-09-14 14:24:00
516,226,53,Female,Traveling for work,179,9,6,2024-09-23 21:40:00
517,109,37,Female,New blog post up!,169,33,8,2024-09-20 19:44:00
518,240,44,Male,Planning for the weekend,184,39,3,2024-09-10 03:50:00
519,208,49,Male,Exploring the city,51,49,8,2024-09-27 16:12:00
520,466,44,Female,Just finished workout,10,35,15,2024-09-30 06:44:00
521,1055,48,Female,Coffee and chill,0,0,21,2024-09-03 03:53:00
522,687,60,Female,Weekend vibes,23,49,16,2024-09-03 23:46:00
523,203,34,Male,Learning something new,75,16,14,2024-09-02 03:52:00
524,278,20,Female,Out with friends,173,20,13,2024-09-24 03:06:00
525,971,20,Male,Weekend vibes,169,41,5,2024-09-11 11:57:00
526,548,57,Female,Working hard today,95,21,5,2024-09-04 12:25:00
527,1085,47,Female,Reading a book,176,30,25,2024-09-14 20:56:00
528,916,28,Male,Weekend vibes,178,46,1,2024-10-01 05:06:00
529,526,55,Female,Watching a movie,173,28,5,2024-09-20 12:49:00
530,467,57,Male,Weekend vibes,123,31,3,2024-09-29 13:28:00
531,147,22,Female,Busy with work,3,45,27,2024-09-22 16:49:00
532,861,54,Male,Busy with work,132,33,22,2024-09-23 19:06:00
533,543,60,Male,Traveling for work,88,42,21,2024-09-21 12:09:00
534,959,53,Male,Great day at the park,164,10,16,2024-09-28 15:54:00
535,607,28,Male,Traveling for work,82,15,10,2024-09-09 01:32:00
536,328,53,Female,Reading a book,60,5,14,2024-09-15 18:28:00
537,190,49,Female,Busy with work,30,31,23,2024-09-21 00:06:00
538,513,44,Male,Celebrating a birthday,140,0,26,2024-09-03 19:39:00
539,752,37,Male,Learning something new,87,23,26,2024-09-02 07:54:00
540,565,39,Female,Out with friends,183,28,3,2024-09-04 21:14:00
541,102,39,Female,Relaxing at home,140,33,11,2024-09-23 03:02:00
542,1018,28,Female,Weekend vibes,183,47,23,2024-09-14 03:16:00
543,725,30,Male,New blog post up!,100,13,14,2024-09-27 06:45:00
544,446,24,Female,Amazing dinner!,162,43,18,2024-09-04 14:29:00
545,774,55,Male,Traveling for work,1,33,23,2024-09-02 17:59:00
546,543,55,Female,Planning for the weekend,199,11,22,2024-09-19 05:46:00
547,934,26,Male,Reading a book,168,38,19,2024-09-29 10:32:00
548,1002,42,Female,Exploring the city,177,48,7,2024-09-09 12:21:00
549,1093,36,Female,Weekend vibes,35,26,19,2024-09-23 23:32:00
550,406,53,Female,Celebrating a birthday,161,13,6,2024-09-07 19:45:00
551,397,40,Male,Just finished workout,128,34,22,2024-09-21 10:45:00
552,218,40,Female,Watching a movie,146,42,22,2024-09-14 21:47:00
553,1015,52,Female,Having fun with the kids,3,33,3,2024-09-01 12:09:00
554,154,60,Male,Family time,68,48,25,2024-09-06 09:43:00
555,356,27,Male,Relaxing at home,52,48,17,2024-09-02 11:52:00
556,563,24,Male,Celebrating a birthday,99,15,16,2024-09-26 22:18:00
557,809,60,Male,Reading a book,99,26,30,2024-09-26 21:20:00
558,1089,53,Male,Great day at the park,190,16,6,2024-09-20 14:53:00
559,330,58,Female,Watching a movie,139,47,19,2024-09-07 23:12:00
560,401,46,Male,Working hard today,47,11,23,2024-09-17 03:24:00
561,141,45,Female,Celebrating a birthday,67,8,5,2024-09-19 08:00:00
562,438,47,Male,Amazing dinner!,39,20,19,2024-09-02 20:39:00
563,963,60,Female,Traveling for work,146,35,11,2024-09-03 22:20:00
564,638,32,Male,Planning for the weekend,17,50,16,2024-09-06 13:34:00
565,649,43,Male,Out with friends,56,13,21,2024-09-11 10:23:00
566,400,31,Female,Celebrating a birthday,192,41,0,2024-09-04 21:22:00
567,556,33,Male,Amazing dinner!,174,20,12,2024-09-30 03:24:00
568,362,52,Female,Great day at the park,132,49,11,2024-09-17 16:28:00
569,598,20,Female,Family time,82,32,2,2024-10-01 03:10:00
570,1094,52,Male,Working hard today,53,42,20,2024-09-25 06:55:00
571,801,45,Male,Family time,137,44,28,2024-09-24 13:41:00
572,936,22,Male,Great day at the park,117,45,10,2024-09-02 02:04:00
573,155,29,Female,Celebrating a birthday,18,36,26,2024-09-08 08:26:00
574,497,46,Female,Having fun with the kids,80,1,12,2024-09-22 03:34:00
575,106,59,Male,Watching a movie,11,44,27,2024-09-03 11:59:00
576,614,24,Female,Relaxing at home,155,5,9,2024-09-25 14:24:00
577,504,60,Male,Traveling for work,40,34,7,2024-09-05 23:25:00
578,915,52,Female,Weekend vibes,76,43,28,2024-09-30 23:41:00
579,482,18,Male,New blog post up!,10,0,18,2024-09-20 12:34:00
580,660,23,Female,Family time,191,47,28,2024-09-24 11:13:00
581,522,59,Male,Just finished workout,47,14,19,2024-09-27 08:12:00
582,217,29,Male,Celebrating a birthday,118,41,17,2024-09-03 09:42:00
583,168,34,Male,Family time,185,37,15,2024-10-01 10:22:00
584,231,60,Male,New blog post up!,72,39,2,2024-09-29 06:20:00
585,597,46,Female,Exploring the city,168,19,22,2024-09-19 04:36:00
586,680,41,Female,Having fun with the kids,43,0,10,2024-09-08 07:45:00
587,857,59,Female,Enjoying the weather,92,8,21,2024-09-24 10:56:00
588,591,47,Female,Out with friends,198,19,15,2024-09-18 03:11:00
589,761,56,Male,Enjoying the weather,35,34,6,2024-09-09 23:56:00
590,741,22,Male,Great day at the park,129,40,0,2024-09-27 18:37:00
591,514,55,Male,Amazing dinner!,141,16,17,2024-09-29 17:30:00
592,769,27,Female,Reading a book,57,49,18,2024-09-24 09:08:00
593,575,50,Male,Reading a book,93,32,0,2024-09-22 07:54:00
594,1087,57,Male,Planning for the weekend,35,28,5,2024-09-06 18:36:00
595,775,27,Female,Out with friends,10,14,24,2024-09-16 07:04:00
596,370,41,Male,Amazing dinner!,171,13,16,2024-09-30 11:24:00
597,580,47,Male,Amazing dinner!,166,20,3,2024-09-23 16:40:00
598,949,35,Female,Watching a movie,139,36,5,2024-09-13 20:24:00
599,474,55,Male,Planning for the weekend,64,24,29,2024-09-08 16:25:00
600,461,40,Female,Traveling for work,154,0,16,2024-09-29 04:28:00
601,269,32,Male,Planning for the weekend,164,17,6,2024-09-05 05:10:00
602,470,56,Male,Coffee and chill,106,21,23,2024-09-04 15:43:00
603,590,48,Male,Watching a movie,41,41,26,2024-09-14 00:15:00
604,144,26,Male,Weekend vibes,161,32,1,2024-09-29 18:09:00
605,157,28,Female,Just finished workout,132,25,19,2024-09-19 20:01:00
606,999,60,Female,Working hard today,55,28,19,2024-09-16 15:10:00
607,324,44,Male,Watching a movie,196,11,19,2024-09-22 16:16:00
608,271,39,Female,Exploring the city,151,4,7,2024-09-13 12:08:00
609,211,19,Male,Planning for the weekend,129,43,13,2024-09-27 04:38:00
610,198,29,Female,Exploring the city,153,2,28,2024-09-26 17:32:00
611,870,25,Male,Traveling for work,168,8,28,2024-09-20 17:52:00
612,101,59,Female,Planning for the weekend,107,23,27,2024-09-02 22:33:00
613,539,32,Female,Reading a book,89,37,25,2024-09-24 22:36:00
614,200,45,Male,Enjoying the weather,122,49,7,2024-09-30 02:18:00
615,712,52,Female,Enjoying the weather,48,0,22,2024-09-24 00:36:00
616,635,25,Male,Reading a book,167,13,22,2024-09-26 10:26:00
617,470,24,Male,Having fun with the kids,166,37,8,2024-09-09 17:27:00
618,678,41,Female,Reading a book,193,13,13,2024-09-18 17:30:00
619,283,41,Female,Enjoying the weather,78,36,11,2024-09-25 22:25:00
620,853,26,Male,Coffee and chill,114,50,22,2024-10-01 05:06:00
621,319,50,Female,Busy with work,140,39,22,2024-09-22 22:03:00
622,264,42,Male,Working hard today,37,30,29,2024-09-20 13:05:00
623,165,34,Male,Out with friends,20,38,1,2024-09-24 12:59:00
624,510,57,Female,Exploring the city,14,49,26,2024-09-06 20:31:00
625,549,18,Male,Planning for the weekend,73,12,1,2024-09-26 19:32:00
626,628,32,Male,Amazing dinner!,92,15,20,2024-09-01 05:05:00
627,382,43,Female,Reading a book,103,37,6,2024-09-17 00:47:00
628,820,22,Male,Celebrating a birthday,72,46,26,2024-09-18 18:22:00
629,455,35,Male,Exploring the city,49,29,29,2024-09-13 18:00:00
630,367,29,Female,Planning for the weekend,27,35,2,2024-09-17 09:21:00
631,1069,25,Female,Celebrating a birthday,147,16,22,2024-09-15 12:36:00
632,595,33,Female,Learning something new,174,29,28,2024-09-19 00:30:00
633,219,34,Male,Reading a book,162,50,7,2024-09-22 22:14:00
634,919,38,Female,Out with friends,132,34,0,2024-09-23 08:15:00
635,394,23,Female,Busy with work,19,35,29,2024-09-06 15:20:00
636,462,31,Female,Just finished workout,191,43,29,2024-09-30 06:31:00
637,854,30,Male,Coffee and chill,67,13,7,2024-09-07 07:53:00
638,733,40,Male,New blog post up!,30,5,21,2024-10-01 21:31:00
639,728,18,Male,Traveling for work,95,39,10,2024-09-16 18:55:00
640,381,49,Male,Planning for the weekend,71,25,7,2024-09-25 18:08:00
641,155,51,Female,Traveling for work,138,2,16,2024-09-12 12:55:00
642,802,29,Female,New blog post up!,178,33,14,2024-09-11 22:00:00
643,112,31,Female,Watching a movie,25,20,11,2024-09-20 08:11:00
644,661,34,Male,Enjoying the weather,120,39,10,2024-09-12 05:31:00
645,534,31,Female,Out with friends,93,25,8,2024-09-15 05:36:00
646,234,54,Male,New blog post up!,184,17,25,2024-09-08 17:27:00
647,976,42,Male,Weekend vibes,189,9,15,2024-09-26 00:11:00
648,531,49,Male,Planning for the weekend,136,46,10,2024-09-26 15:19:00
649,356,53,Male,Reading a book,25,44,5,2024-09-02 06:52:00
650,360,48,Male,Learning something new,190,21,8,2024-09-12 11:35:00
651,670,34,Female,Great day at the park,105,7,11,2024-09-28 21:38:00
652,303,54,Male,Relaxing at home,90,20,21,2024-09-17 15:49:00
653,854,46,Male,Reading a book,157,18,14,2024-09-21 04:55:00
654,271,58,Female,Having fun with the kids,161,39,18,2024-09-13 02:05:00
655,265,39,Male,Busy with work,81,41,9,2024-09-23 08:38:00
656,760,43,Female,Learning something new,199,23,23,2024-09-19 16:28:00
657,523,28,Male,Great day at the park,32,46,7,2024-09-22 08:47:00
658,817,23,Male,Just finished workout,101,6,3,2024-09-03 15:35:00
659,155,19,Female,Planning for the weekend,195,5,3,2024-09-09 19:09:00
660,186,59,Female,Relaxing at home,58,15,23,2024-09-10 14:40:00
661,229,26,Male,Great day at the park,8,42,11,2024-09-28 10:55:00
662,587,47,Female,Celebrating a birthday,113,8,30,2024-09-23 17:11:00
663,705,56,Female,Watching a movie,111,33,20,2024-09-21 17:19:00
664,1030,40,Female,Celebrating a birthday,58,5,14,2024-09-10 11:26:00
665,366,27,Female,Great day at the park,0,33,26,2024-09-25 04:22:00
666,393,48,Male,Traveling for work,193,30,9,2024-09-01 13:51:00
667,399,56,Male,Great day at the park,140,23,6,2024-09-14 17:27:00
668,504,33,Male,Reading a book,96,14,8,2024-09-03 13:40:00
669,345,51,Female,Relaxing at home,166,47,17,2024-09-26 08:26:00
670,292,22,Male,Weekend vibes,74,7,20,2024-09-15 19:28:00
671,378,57,Female,Family time,82,1,4,2024-09-02 17:01:00
672,290,24,Female,Enjoying the weather,32,45,14,2024-09-24 00:14:00
673,192,27,Male,Traveling for work,55,21,13,2024-09-10 15:23:00
674,574,20,Female,Working hard today,192,9,1,2024-09-09 12:04:00
675,656,48,Male,Family time,64,24,26,2024-09-01 03:49:00
676,831,33,Female,Learning something new,63,47,1,2024-09-07 14:47:00
677,889,24,Male,Traveling for work,99,43,30,2024-09-10 10:10:00
678,744,20,Male,Enjoying the weather,123,40,9,2024-09-07 11:56:00
679,153,60,Male,New blog post up!,60,40,13,2024-09-11 00:10:00
680,913,35,Male,Reading a book,62,0,1,2024-09-19 22:30:00
681,804,56,Male,Out with friends,197,5,7,2024-09-06 15:05:00
682,802,57,Female,Amazing dinner!,15,22,20,2024-09-05 22:34:00
683,910,24,Male,Traveling for work,59,20,17,2024-09-26 20:48:00
684,455,46,Male,Great day at the park,176,24,11,2024-09-24 04:16:00
685,1020,20,Female,Learning something new,143,18,17,2024-09-23 15:12:00
686,680,29,Female,Busy with work,187,29,8,2024-09-28 19:58:00
687,981,53,Male,Working hard today,135,9,14,2024-09-10 08:34:00
688,475,47,Male,Planning for the weekend,97,46,5,2024-09-29 00:39:00
689,977,41,Male,Busy with work,184,4,21,2024-10-01 17:52:00
690,496,30,Female,Celebrating a birthday,39,39,9,2024-09-11 13:41:00
691,429,25,Male,Planning for the weekend,168,4,1,2024-09-27 04:11:00
692,994,20,Male,New blog post up!,124,12,3,2024-09-02 18:41:00
693,956,42,Female,Planning for the weekend,159,44,18,2024-09-09 01:23:00
694,326,56,Male,Great day at the park,53,41,15,2024-09-30 02:29:00
695,920,58,Male,Out with friends,142,47,30,2024-09-29 13:52:00
696,477,21,Female,Planning for the weekend,10,46,2,2024-09-27 09:04:00
697,1067,31,Male,New blog post up!,185,14,17,2024-09-13 06:12:00
698,638,60,Male,Watching a movie,160,11,17,2024-09-24 17:26:00
699,864,24,Female,Learning something new,179,42,13,2024-09-29 03:10:00
700,911,29,Female,Planning for the weekend,86,42,5,2024-09-18 19:28:00
701,1055,40,Female,Celebrating a birthday,83,23,13,2024-09-25 20:27:00
702,945,38,Male,Watching a movie,139,13,12,2024-09-25 17:59:00
703,862,34,Female,Learning something new,114,25,0,2024-09-24 01:18:00
704,710,19,Male,Relaxing at home,1,19,7,2024-09-07 10:01:00
705,890,35,Male,New blog post up!,9,29,11,2024-09-05 04:16:00
706,475,55,Male,Coffee and chill,65,19,2,2024-09-19 12:36:00
707,1039,31,Male,Busy with work,123,11,15,2024-09-27 22:44:00
708,690,24,Female,Amazing dinner!,187,36,12,2024-09-03 01:58:00
709,889,39,Female,Having fun with the kids,106,7,27,2024-09-25 07:47:00
710,768,56,Male,Reading a book,13,19,16,2024-09-02 10:34:00
711,678,27,Female,Planning for the weekend,178,14,4,2024-09-02 21:46:00
712,502,46,Male,Coffee and chill,110,18,25,2024-09-13 04:08:00
713,444,23,Female,Watching a movie,190,3,17,2024-09-13 08:05:00
714,508,50,Female,Weekend vibes,195,8,15,2024-09-18 06:31:00
715,504,59,Male,Celebrating a birthday,157,47,16,2024-09-08 07:04:00
716,372,45,Female,Watching a movie,22,7,21,2024-09-14 13:23:00
717,456,30,Female,Out with friends,152,41,0,2024-09-25 09:10:00
718,458,57,Female,Exploring the city,37,28,1,2024-09-30 07:12:00
719,801,41,Male,Working hard today,28,47,1,2024-09-08 19:59:00
720,251,36,Male,Busy with work,177,7,9,2024-09-15 15:01:00
721,439,31,Male,Family time,139,33,24,2024-09-09 17:30:00
722,737,27,Male,Reading a book,149,42,16,2024-09-02 08:10:00
723,161,36,Male,Exploring the city,69,3,14,2024-09-21 00:04:00
724,497,60,Female,Out with friends,27,1,9,2024-09-28 20:24:00
725,336,42,Male,Busy with work,124,38,17,2024-09-03 05:12:00
726,612,47,Male,Amazing dinner!,63,33,9,2024-09-11 15:25:00
727,862,28,Male,Out with friends,175,22,11,2024-09-21 09:15:00
728,613,35,Male,Enjoying the weather,99,1,30,2024-09-18 08:14:00
729,255,39,Female,Weekend vibes,22,46,12,2024-09-17 21:39:00
730,993,58,Male,Having fun with the kids,61,36,4,2024-09-14 09:58:00
731,719,39,Female,Celebrating a birthday,33,13,20,2024-09-05 18:34:00
732,800,30,Male,Relaxing at home,176,45,28,2024-09-17 04:27:00
733,1030,27,Male,Busy with work,17,35,17,2024-10-01 23:07:00
734,288,38,Male,Great day at the park,195,20,28,2024-09-14 13:19:00
735,553,58,Female,Weekend vibes,199,12,3,2024-09-05 05:01:00
736,880,57,Female,Exploring the city,145,39,7,2024-09-20 07:14:00
737,803,19,Female,Working hard today,176,49,15,2024-09-05 16:54:00
738,719,48,Female,Just finished workout,99,31,15,2024-09-05 05:12:00
739,331,20,Female,Great day at the park,69,26,7,2024-09-24 21:12:00
740,875,31,Male,Just finished workout,112,39,15,2024-09-23 10:55:00
741,568,33,Female,Reading a book,198,2,19,2024-09-24 12:46:00
742,420,43,Male,Planning for the weekend,27,28,14,2024-09-27 01:56:00
743,351,51,Female,Amazing dinner!,142,24,16,2024-09-25 20:03:00
744,294,36,Female,Reading a book,77,49,26,2024-09-10 14:10:00
745,532,36,Male,Planning for the weekend,36,29,26,2024-09-21 14:05:00
746,839,50,Male,Just finished workout,199,37,30,2024-09-29 22:34:00
747,238,43,Female,Busy with work,115,1,5,2024-09-15 18:57:00
748,829,30,Female,Working hard today,64,20,22,2024-09-21 22:50:00
749,267,25,Male,New blog post up!,180,28,20,2024-09-12 02:33:00
750,824,42,Male,Reading a book,140,24,1,2024-09-25 05:58:00
751,443,54,Male,Just finished workout,37,11,24,2024-09-23 01:26:00
752,415,37,Female,Relaxing at home,160,11,3,2024-09-29 04:12:00
753,103,57,Female,Great day at the park,117,31,27,2024-09-16 17:51:00
754,105,56,Female,Coffee and chill,55,37,21,2024-09-16 14:26:00
755,552,23,Male,Coffee and chill,140,17,19,2024-09-21 17:52:00
756,945,31,Male,Just finished workout,37,3,20,2024-09-12 01:09:00
757,974,20,Female,Busy with work,22,3,3,2024-09-14 05:10:00
758,788,36,Male,Learning something new,191,37,11,2024-09-30 01:05:00
759,886,37,Female,Out with friends,97,4,24,2024-09-14 17:04:00
760,399,48,Male,New blog post up!,177,17,10,2024-09-17 13:33:00
761,314,31,Male,New blog post up!,146,46,20,2024-09-17 02:30:00
762,841,56,Female,Having fun with the kids,155,20,8,2024-09-17 18:39:00
763,462,26,Female,Planning for the weekend,186,40,15,2024-09-16 05:56:00
764,724,32,Female,Family time,0,7,0,2024-09-15 20:50:00
765,220,31,Female,Having fun with the kids,11,21,11,2024-09-18 20:13:00
766,111,58,Male,Relaxing at home,65,50,2,2024-09-10 09:32:00
767,663,38,Male,New blog post up!,175,21,10,2024-09-13 23:36:00
768,730,19,Male,Family time,84,21,29,2024-09-22 15:58:00
769,585,20,Male,Traveling for work,39,40,14,2024-09-29 17:57:00
770,443,47,Female,Amazing dinner!,133,19,18,2024-09-24 21:20:00
771,668,52,Male,Family time,147,43,10,2024-09-26 11:04:00
772,1092,27,Female,Great day at the park,86,24,20,2024-09-18 05:36:00
773,720,42,Male,Exploring the city,29,50,24,2024-09-10 22:54:00
774,422,20,Female,Having fun with the kids,22,31,28,2024-09-08 11:28:00
775,949,37,Male,Planning for the weekend,77,11,3,2024-09-12 01:49:00
776,306,23,Female,Planning for the weekend,6,30,28,2024-09-17 04:12:00
777,448,48,Female,Busy with work,36,49,27,2024-09-04 16:43:00
778,235,31,Male,Learning something new,99,45,27,2024-09-17 03:00:00
779,418,20,Male,Busy with work,119,2,3,2024-09-17 21:47:00
780,419,19,Female,Family time,82,12,6,2024-09-10 08:34:00
781,426,46,Male,Enjoying the weather,38,10,8,2024-09-04 00:39:00
782,673,50,Male,Family time,138,22,17,2024-09-11 08:09:00
783,1065,36,Male,Just finished workout,18,19,19,2024-09-29 10:34:00
784,554,21,Male,Great day at the park,120,43,1,2024-09-04 12:03:00
785,188,45,Female,Just finished workout,180,38,28,2024-09-19 20:53:00
786,806,46,Female,Relaxing at home,85,12,22,2024-09-25 21:51:00
787,646,23,Female,Watching a movie,33,5,26,2024-09-26 22:29:00
788,199,47,Female,Learning something new,120,14,30,2024-09-08 04:55:00
789,1017,57,Female,Out with friends,100,11,22,2024-09-30 21:21:00
790,907,38,Female,Traveling for work,7,4,15,2024-09-04 11:30:00
791,572,28,Female,Out with friends,154,36,4,2024-09-17 03:25:00
792,937,24,Female,Celebrating a birthday,166,4,25,2024-09-10 17:29:00
793,510,55,Female,Coffee and chill,158,15,17,2024-09-06 15:24:00
794,167,39,Male,Watching a movie,110,50,13,2024-09-19 10:34:00
795,810,33,Male,Working hard today,189,45,18,2024-09-27 15:07:00
796,706,56,Female,Busy with work,142,6,26,2024-09-15 05:19:00
797,1078,43,Male,Exploring the city,27,43,26,2024-09-20 12:20:00
798,606,59,Male,Working hard today,55,8,28,2024-09-19 20:51:00
799,100,27,Male,Learning something new,136,18,12,2024-09-20 18:28:00
800,300,31,Female,Relaxing at home,145,50,29,2024-09-22 09:58:00
801,1065,45,Female,Working hard today,149,0,19,2024-09-17 12:54:00
802,230,36,Male,Out with friends,140,3,0,2024-09-23 17:52:00
803,467,25,Female,Great day at the park,60,27,22,2024-09-19 12:40:00
804,425,42,Female,Reading a book,111,34,6,2024-09-22 05:30:00
805,242,30,Female,Out with friends,106,9,9,2024-09-28 21:08:00
806,237,18,Male,Great day at the park,36,46,28,2024-09-16 21:27:00
807,1098,26,Male,Weekend vibes,164,26,27,2024-09-15 22:38:00
808,1052,45,Male,Learning something new,130,27,17,2024-09-27 14:24:00
809,463,32,Male,Having fun with the kids,154,0,18,2024-09-16 23:15:00
810,829,50,Female,Having fun with the kids,139,36,11,2024-09-02 01:36:00
811,594,41,Male,Watching a movie,123,44,2,2024-09-05 23:46:00
812,639,35,Female,Planning for the weekend,20,33,28,2024-09-20 02:15:00
813,583,58,Male,Celebrating a birthday,148,19,19,2024-09-02 10:34:00
814,897,18,Female,Learning something new,131,30,18,2024-09-24 10:26:00
815,461,36,Female,Just finished workout,9,44,29,2024-09-20 23:19:00
816,844,54,Female,Amazing dinner!,161,30,18,2024-09-06 18:03:00
817,772,36,Male,Relaxing at home,124,5,4,2024-09-17 02:54:00
818,902,35,Female,Weekend vibes,157,17,8,2024-09-28 08:00:00
819,859,25,Male,Watching a movie,189,9,21,2024-09-15 11:51:00
820,279,34,Male,Traveling for work,46,33,27,2024-09-02 10:05:00
821,1090,27,Male,Traveling for work,192,26,24,2024-09-13 07:42:00
822,550,58,Male,Family time,147,46,26,2024-09-12 01:41:00
823,370,25,Male,Just finished workout,118,25,15,2024-09-10 15:47:00
824,1071,52,Male,Reading a book,174,45,12,2024-09-16 08:09:00
825,643,45,Male,Relaxing at home,114,24,21,2024-09-11 16:43:00
826,1078,20,Male,Celebrating a birthday,163,22,30,2024-09-28 13:39:00
827,1040,59,Female,Busy with work,69,17,25,2024-09-04 08:41:00
828,698,43,Female,Coffee and chill,187,43,18,2024-09-25 06:33:00
829,445,29,Female,Celebrating a birthday,2,43,0,2024-09-27 02:00:00
830,521,24,Male,Learning something new,89,14,23,2024-09-10 08:12:00
831,134,19,Male,Amazing dinner!,152,42,28,2024-09-27 06:38:00
832,753,25,Male,Working hard today,154,8,12,2024-09-22 20:36:00
833,922,29,Male,Just finished workout,64,18,14,2024-09-22 02:40:00
834,564,35,Female,Busy with work,65,10,24,2024-09-03 08:49:00
835,163,42,Female,Busy with work,15,16,30,2024-09-27 08:11:00
836,551,22,Female,Family time,156,25,5,2024-09-21 15:06:00
837,247,52,Female,Family time,157,41,3,2024-09-30 14:45:00
838,365,24,Male,Working hard today,18,36,23,2024-09-09 14:01:00
839,1018,49,Male,Great day at the park,9,42,12,2024-09-09 04:44:00
840,437,43,Male,Planning for the weekend,181,49,15,2024-09-16 13:25:00
841,964,22,Male,Great day at the park,98,44,26,2024-09-25 15:07:00
842,680,52,Female,Busy with work,174,19,12,2024-09-02 20:41:00
843,192,41,Female,Working hard today,117,48,24,2024-09-10 20:12:00
844,280,53,Male,Reading a book,169,12,9,2024-09-23 12:57:00
845,209,58,Female,Traveling for work,21,40,14,2024-09-24 06:08:00
846,136,30,Male,Watching a movie,61,31,12,2024-09-03 17:41:00
847,415,49,Female,Great day at the park,9,21,1,2024-09-11 23:02:00
848,515,25,Male,Planning for the weekend,117,43,27,2024-09-28 17:09:00
849,858,55,Male,Working hard today,9,47,4,2024-09-16 20:01:00
850,582,57,Male,Coffee and chill,179,41,4,2024-09-01 05:40:00
851,151,37,Male,Learning something new,156,10,26,2024-09-19 02:52:00
852,937,24,Male,Traveling for work,152,39,7,2024-09-03 06:27:00
853,445,43,Female,New blog post up!,175,36,17,2024-09-05 10:53:00
854,1087,31,Male,Watching a movie,44,21,2,2024-09-04 08:09:00
855,875,44,Male,Out with friends,141,10,14,2024-09-08 18:02:00
856,236,24,Female,Just finished workout,4,31,2,2024-09-01 00:11:00
857,1048,23,Female,Having fun with the kids,177,50,24,2024-09-16 22:08:00
858,311,27,Female,Planning for the weekend,115,26,7,2024-10-01 05:39:00
859,808,20,Male,Traveling for work,156,5,20,2024-09-27 09:22:00
860,528,18,Male,Family time,30,33,3,2024-09-20 11:55:00
861,879,52,Male,Learning something new,197,40,21,2024-09-07 08:03:00
862,298,25,Male,Traveling for work,127,11,5,2024-09-22 01:03:00
863,760,41,Female,Family time,111,16,10,2024-09-20 14:02:00
864,206,21,Male,Just finished workout,7,31,16,2024-09-04 02:57:00
865,340,46,Female,Having fun with the kids,50,47,21,2024-09-29 10:14:00
866,897,25,Female,Coffee and chill,25,15,23,2024-09-14 06:24:00
867,1012,32,Male,Traveling for work,149,31,1,2024-09-29 13:09:00
868,321,57,Female,Just finished workout,99,23,4,2024-09-15 23:12:00
869,747,40,Female,Family time,85,8,1,2024-09-23 18:03:00
870,387,26,Male,Learning something new,117,26,5,2024-09-25 10:14:00
871,1007,36,Male,Exploring the city,43,36,17,2024-09-28 07:05:00
872,521,51,Female,Family time,151,30,26,2024-09-15 08:00:00
873,847,45,Male,Coffee and chill,83,27,18,2024-09-08 18:09:00
874,1035,54,Male,Having fun with the kids,11,2,15,2024-09-24 16:02:00
875,535,51,Female,Traveling for work,178,6,14,2024-09-16 07:05:00
876,671,18,Female,Family time,33,22,9,2024-09-08 20:05:00
877,116,48,Female,Just finished workout,180,29,27,2024-09-19 23:37:00
878,124,47,Female,Weekend vibes,180,25,5,2024-09-26 11:40:00
879,575,58,Male,Working hard today,98,44,10,2024-09-17 01:18:00
880,536,35,Male,Working hard today,158,21,23,2024-09-30 01:32:00
881,1068,41,Male,New blog post up!,98,23,14,2024-09-20 01:23:00
882,475,29,Male,Celebrating a birthday,181,49,6,2024-09-05 10:15:00
883,652,25,Female,Watching a movie,179,13,24,2024-09-24 07:20:00
884,461,35,Female,Enjoying the weather,13,4,11,2024-09-12 14:31:00
885,613,51,Male,Traveling for work,181,34,21,2024-09-27 17:57:00
886,399,46,Female,Working hard today,48,29,2,2024-09-03 12:57:00
887,283,36,Male,New blog post up!,42,17,3,2024-09-23 04:31:00
888,254,31,Male,Relaxing at home,106,43,17,2024-09-30 04:30:00
889,455,44,Female,Great day at the park,74,12,2,2024-09-01 07:53:00
890,1070,51,Female,Having fun with the kids,148,21,20,2024-09-21 10:31:00
891,707,60,Female,Learning something new,77,36,4,2024-09-29 09:10:00
892,908,34,Male,Traveling for work,95,18,24,2024-09-28 01:09:00
893,461,36,Female,Just finished workout,158,10,22,2024-09-18 09:11:00
894,1096,29,Male,Just finished workout,60,7,1,2024-09-11 18:08:00
895,551,34,Female,Just finished workout,52,35,22,2024-09-02 21:20:00
896,452,27,Female,Learning something new,138,10,17,2024-09-10 03:58:00
897,125,43,Female,Weekend vibes,117,20,4,2024-09-01 23:34:00
898,1099,50,Female,Relaxing at home,121,18,30,2024-09-25 18:42:00
899,250,54,Female,Busy with work,176,7,23,2024-09-16 01:08:00
900,794,53,Male,Relaxing at home,6,25,19,2024-09-27 07:28:00
901,465,23,Female,Amazing dinner!,155,41,6,2024-09-19 16:14:00
902,900,35,Male,Great day at the park,21,34,27,2024-09-15 21:42:00
903,1080,23,Female,Family time,125,20,19,2024-09-20 16:03:00
904,1030,60,Female,Reading a book,37,45,27,2024-09-14 11:24:00
905,481,18,Female,Out with friends,89,19,14,2024-09-28 17:05:00
906,320,46,Female,Learning something new,73,10,25,2024-09-24 13:46:00
907,1017,44,Male,Watching a movie,153,5,4,2024-09-07 09:30:00
908,988,51,Female,Working hard today,151,48,12,2024-09-03 00:26:00
909,754,35,Female,Just finished workout,142,29,22,2024-09-19 04:12:00
910,290,42,Female,Celebrating a birthday,125,2,26,2024-09-27 09:53:00
911,699,37,Female,Celebrating a birthday,189,29,7,2024-09-01 00:09:00
912,368,37,Female,New blog post up!,167,42,28,2024-09-10 13:11:00
913,603,59,Male,Great day at the park,30,48,8,2024-09-16 02:38:00
914,863,41,Female,Watching a movie,111,16,20,2024-09-22 15:44:00
915,937,25,Female,Planning for the weekend,187,36,0,2024-09-28 08:10:00
916,695,21,Male,Busy with work,118,44,4,2024-09-12 05:03:00
917,379,41,Female,Out with friends,12,18,9,2024-09-17 20:59:00
918,178,50,Male,Just finished workout,195,6,19,2024-09-25 05:34:00
919,430,38,Female,Enjoying the weather,175,44,22,2024-09-12 03:34:00
920,693,40,Male,Great day at the park,35,33,9,2024-09-12 15:26:00
921,448,28,Male,Family time,39,32,7,2024-09-27 06:50:00
922,1018,53,Male,Having fun with the kids,117,4,3,2024-09-27 04:59:00
923,117,48,Female,Relaxing at home,176,23,4,2024-09-27 14:56:00
924,711,51,Female,Just finished workout,181,19,0,2024-09-24 03:14:00
925,231,27,Male,Relaxing at home,32,13,4,2024-09-03 13:44:00
926,881,25,Male,Great day at the park,198,30,24,2024-09-14 01:12:00
927,210,20,Male,Traveling for work,30,16,1,2024-09-03 09:42:00
928,110,24,Male,Exploring the city,52,37,28,2024-09-07 05:42:00
929,459,19,Male,Weekend vibes,191,17,30,2024-09-19 11:22:00
930,264,50,Male,Planning for the weekend,145,4,3,2024-09-27 18:48:00
931,114,51,Male,Family time,72,10,28,2024-09-25 17:00:00
932,1096,24,Male,Planning for the weekend,181,30,11,2024-09-23 18:11:00
933,550,24,Male,Out with friends,97,27,6,2024-09-17 07:26:00
934,215,38,Male,Learning something new,28,33,4,2024-09-16 11:45:00
935,395,53,Male,Working hard today,83,31,3,2024-09-13 09:29:00
936,714,37,Female,Coffee and chill,141,26,9,2024-09-28 13:12:00
937,977,22,Female,Out with friends,45,0,21,2024-09-16 21:06:00
938,505,46,Male,New blog post up!,36,25,12,2024-09-23 18:06:00
939,859,28,Male,Out with friends,50,21,6,2024-09-20 12:07:00
940,338,45,Female,Enjoying the weather,195,45,24,2024-09-19 18:17:00
941,874,59,Female,Out with friends,121,42,19,2024-10-01 12:31:00
942,623,35,Male,Learning something new,27,7,8,2024-09-16 15:14:00
943,743,26,Male,New blog post up!,188,3,26,2024-09-03 15:43:00
944,127,29,Female,Exploring the city,173,20,4,2024-09-10 19:39:00
945,198,22,Female,Learning something new,51,18,21,2024-09-16 15:32:00
946,367,52,Female,Celebrating a birthday,139,1,30,2024-09-25 01:27:00
947,1001,25,Female,Learning something new,80,24,14,2024-09-15 01:02:00
948,281,53,Female,Just finished workout,125,27,4,2024-09-10 22:24:00
949,599,25,Female,Celebrating a birthday,175,34,18,2024-09-16 15:35:00
950,974,28,Male,Reading a book,67,31,18,2024-09-13 19:43:00
951,461,36,Female,Amazing dinner!,7,37,1,2024-09-05 11:22:00
952,928,55,Male,Busy with work,97,6,13,2024-09-12 11:26:00
953,459,21,Male,Coffee and chill,60,41,9,2024-09-19 02:58:00
954,804,22,Female,New blog post up!,86,10,0,2024-09-18 10:02:00
955,571,60,Female,Watching a movie,131,26,8,2024-09-01 22:30:00
956,702,19,Female,Reading a book,146,24,10,2024-09-19 03:51:00
957,600,24,Male,Busy with work,127,32,25,2024-09-25 21:21:00
958,270,57,Female,Out with friends,111,12,15,2024-09-21 02:53:00
959,970,52,Male,Relaxing at home,67,3,9,2024-09-19 12:51:00
960,331,57,Male,Watching a movie,24,37,10,2024-09-09 02:36:00
961,920,51,Female,Having fun with the kids,53,22,25,2024-09-03 20:52:00
962,409,50,Female,Having fun with the kids,169,34,10,2024-09-07 13:25:00
963,357,57,Female,Celebrating a birthday,46,1,20,2024-09-23 16:55:00
964,291,54,Female,Family time,169,47,30,2024-09-15 08:59:00
965,753,52,Female,Watching a movie,186,40,1,2024-09-17 06:23:00
966,573,27,Male,Weekend vibes,191,43,24,2024-09-10 13:26:00
967,426,22,Male,Having fun with the kids,68,18,20,2024-09-06 08:43:00
968,715,33,Female,Coffee and chill,29,9,6,2024-09-01 07:51:00
969,947,37,Female,Traveling for work,143,27,13,2024-09-21 01:12:00
970,263,35,Male,Great day at the park,66,50,25,2024-09-09 21:35:00
971,280,59,Male,Traveling for work,200,1,1,2024-09-28 02:20:00
972,716,37,Male,Having fun with the kids,93,42,21,2024-09-29 02:25:00
973,1065,26,Male,New blog post up!,146,47,16,2024-09-30 03:33:00
974,780,55,Female,Traveling for work,23,15,19,2024-09-04 10:21:00
975,952,55,Female,Coffee and chill,108,13,4,2024-09-04 05:13:00
976,1093,35,Female,Having fun with the kids,65,37,1,2024-09-16 17:23:00
977,816,25,Female,Celebrating a birthday,108,30,21,2024-09-08 08:56:00
978,903,27,Female,Traveling for work,183,23,26,2024-09-10 00:41:00
979,1090,56,Male,Amazing dinner!,176,50,21,2024-09-08 08:35:00
980,493,37,Female,New blog post up!,136,15,27,2024-09-15 12:00:00
981,1031,43,Female,Relaxing at home,23,48,7,2024-09-10 06:55:00
982,1011,28,Female,Busy with work,196,41,13,2024-09-26 01:17:00
983,987,23,Female,Traveling for work,188,26,29,2024-09-27 10:45:00
984,532,24,Male,Enjoying the weather,129,4,11,2024-09-14 19:46:00
985,932,53,Female,Learning something new,177,1,24,2024-09-02 20:41:00
986,288,58,Female,Weekend vibes,0,25,6,2024-09-21 09:20:00
987,689,23,Male,Just finished workout,63,33,22,2024-09-25 20:48:00
988,233,56,Female,Busy with work,115,30,27,2024-09-24 04:16:00
989,277,55,Female,Relaxing at home,50,5,13,2024-09-12 05:25:00
990,997,42,Male,Great day at the park,5,35,20,2024-09-20 20:14:00
991,1028,23,Female,Family time,67,44,27,2024-09-06 01:25:00
992,732,45,Female,Weekend vibes,22,23,5,2024-10-01 18:07:00
993,114,51,Female,Learning something new,172,31,3,2024-09-08 22:13:00
994,295,35,Female,Traveling for work,97,8,13,2024-09-28 06:38:00
995,320,36,Male,Having fun with the kids,46,26,25,2024-09-05 00:18:00
996,1099,34,Male,Exploring the city,115,15,11,2024-09-19 21:41:00
997,569,23,Male,Traveling for work,34,20,22,2024-09-13 21:13:00
998,830,42,Female,Exploring the city,65,4,3,2024-09-18 01:03:00
999,440,33,Female,Out with friends,155,42,30,2024-09-26 19:45:00
1000,866,20,Male,Enjoying the weather,129,39,12,2024-09-10 12:42:00
